{
  "project_info": {
    "project_number": "160471050009",
    "firebase_url": "https://cash-compass-d47b8-default-rtdb.asia-southeast1.firebasedatabase.app",
    "project_id": "cash-compass-d47b8",
    "storage_bucket": "cash-compass-d47b8.appspot.com"
  },
  "client": [
    {
      "client_info": {
        "mobilesdk_app_id": "1:160471050009:android:87b51d17ddfd658a040788",
        "android_client_info": {
          "package_name": "com.example.expensetrackersystem"
        }
      },
      "oauth_client": [],
      "api_key": [
        {
          "current_key": "AIzaSyDbUlRT63trld5g34wgysfmb87-unrRD1M"
        }
      ],
      "services": {
        "appinvite_service": {
          "other_platform_oauth_client": []
        }
      }
    }
  ],
  "configuration_version": "1"
}